{
  "project_info": {
    "project_number": "404173161140",
    "firebase_url": "https://kaybokotlin-1c8c0.firebaseio.com",
    "project_id": "kaybokotlin-1c8c0",
    "storage_bucket": "kaybokotlin-1c8c0.appspot.com"
  },
  "client": [
    {
      "client_info": {
        "mobilesdk_app_id": "1:404173161140:android:0a943559b39a6f2e",
        "android_client_info": {
          "package_name": "com.kaybo1.dev.kotlintest"
        }
      },
      "oauth_client": [
        {
          "client_id": "404173161140-o5q3n4tfhf7ua2r2hok51edm8vtt0gh1.apps.googleusercontent.com",
          "client_type": 1,
          "android_info": {
            "package_name": "com.kaybo1.dev.kotlintest",
            "certificate_hash": "f23706495b5485c3d4f33c125ca79d62f3ced818"
          }
        },
        {
          "client_id": "404173161140-uved51uu6a32tvfh5itnojnri11msd9o.apps.googleusercontent.com",
          "client_type": 3
        }
      ],
      "api_key": [
        {
          "current_key": "AIzaSyBW_7oszdKJRq53rixHCHt39L2j3DMVJTc"
        }
      ],
      "services": {
        "analytics_service": {
          "status": 1
        },
        "appinvite_service": {
          "status": 2,
          "other_platform_oauth_client": [
            {
              "client_id": "404173161140-uved51uu6a32tvfh5itnojnri11msd9o.apps.googleusercontent.com",
              "client_type": 3
            }
          ]
        },
        "ads_service": {
          "status": 2
        }
      }
    }
  ],
  "configuration_version": "1"
}